Operation,Result
100 * 200,20000.0
200 * 100,20000.0
1000 / 500,2.0
2000 - 1974,26.0
60000 + 9000,69000.0
20 power 200,1.6069380442589902e+260
sqrt 200,14.142135623730951
